LOWBID,DOTEST,LBERATIO,STATUS,DISTRICT,NUMBIDS,DAYSEST,RDLNGTH,PCTASPH,PCTBASE,PCTEXCAV,PCTMOBIL,PCTSTRUC,PCTTRAFF,SUBCONT
362916,385963,0.94029,0,1,3,100,7.2,0.626369,0,0.091475,0.019977,0.11677,0.0917,0
152056,175396,0.86693,1,1,3,75,0,0.153284,0.012364,0.142221,0.047351,0.01802,0.14764,0
239665,194650,1.23126,1,1,3,65,0.206,0.08267,0,0.105314,0.049235,0.222602,0.06029,0
1559368,1925307,0.80993,0,1,10,250,3.6,0.189911,0.298819,0.23824,0.011543,0.166206,0.04054,0
144062,252925,0.56958,0,1,8,90,23.7,0.316169,0.245298,0.159904,0.003471,0.082562,0.00882,0
1187104,1573451,0.75446,0,1,5,230,2.6,0.281976,0.214393,0.241728,0.008424,0.147573,0.0225,0
23665,32538,0.72732,0,5,7,60,0.3,0.105387,0.229345,0.219792,0.021128,0.085187,0.03068,0
169766,175947,0.96487,1,5,4,125,2.4,0.496166,0.110852,0.171452,0.035343,0.05754,0.05007,0
1082174,1085868,0.9966,0,1,6,400,0,0.172551,0.217694,0.074132,0.010165,0.348447,0.03518,0
433153,545262,0.79439,0,5,5,230,0,0.156672,0.239753,0.3224,0.021932,0.162894,0.02267,0
668527,596893,1.12001,1,1,3,120,0.4,0,0,0.813995,0.068808,0,0.04936,0
1884394,1550490,1.21535,1,1,3,350,0,0.120069,0.210716,0.114872,0.065273,0.294617,0.04894,0
81806,93487,0.87506,0,1,2,70,0,0.314807,0.13423,0.153887,0.057453,0.172994,0.06723,0
271936,223894,1.21457,1,1,4,110,0,0.112309,0.209732,0.155419,0.036773,0.175913,0.13777,1
3299965,2805892,1.17608,1,1,4,525,4.4,0.178905,0.323414,0.132577,0.045455,0.144187,0.06102,0
581641,785386,0.74058,0,2,4,200,0,0.096999,0.246946,0.331396,0.003439,0.081797,0.16508,0
240056,429240,0.55926,0,2,10,120,4.7,0.188611,0.291164,0.378694,0.01458,0.046248,0.00422,0
332824,376373,0.88429,0,2,8,140,3.9,0.179516,0.283941,0.288606,0.006009,0.132162,0.00376,0
800602,1031446,0.77619,0,2,8,425,0,0.176106,0.217593,0.326436,0.003747,0.08343,0.0025,0
1747876,1493453,1.17036,0,2,6,445,0,0.156903,0.148063,0.281872,0.002861,0.273857,0.02094,0
6584109,5949351,1.10669,0,1,7,675,0.0166,0.241106,0.232977,0.038806,0.144152,0,0,NA
7098108,8296800,0.85552,0,1,9,510,0,0.209821,0.206319,0.27559,0.025711,0.215388,0.01765,0
158315,186899,0.84706,0,1,2,60,6.1,0.924202,0,0,0,0,0.0758,0
1353511,1617527,0.83678,0,1,7,200,4.3,0.329704,0.155077,0.330417,0.017732,0.075051,0.03235,0
371980,327471,1.13592,1,5,2,120,0.5222,0.036511,0.103702,0.104844,0.038287,0.078391,0,NA
4833817,6225037,0.77651,0,5,8,520,0,0.912094,0,0.021225,0.012619,0.005213,0.02777,1
268454,308087,0.87136,0,1,6,75,6.6,0.926094,0,0.030093,0.005588,0,0.00559,0
127306,137518,0.92574,0,5,4,30,0.924,0,0,0.025136,0,0.014139,0,NA
551451,497737,1.10792,1,1,3,100,0.3,0.147421,0.11351,0.191504,0.063469,0.112918,0.13834,0
76809,75252,1.02069,1,1,3,90,1.2,0.250773,0.424567,0.191384,0.013019,0.007812,0.0526,0
88982,66060,1.34698,1,1,4,90,0,0.032481,0.079615,0.207847,0.112383,0.311685,0.24747,0
2558195,2741045,0.93329,0,1,4,365,0,0.108194,0.12533,0.119534,0.048863,0.384185,0.07763,1
4765172,5035937,0.94623,0,4,11,300,4.6,0.035136,0.193067,0.378349,0.06143,0.252977,0.00121,0
4770881,7511329,0.63516,0,1,13,600,3.4,0.144058,0.171259,0.385825,0.010753,0.176612,0.00288,0
105605,128715,0.82045,0,5,2,60,0.5,0.215323,0.32842,0.19198,0.029127,0.128138,0.02841,0
138017,149283,0.92454,0,2,5,40,0.9804,0,0,0.010868,0,0.008695,0,NA
147562,162230,0.90958,0,2,4,40,0.9797,0,0,0.010165,0,0.010165,0,NA
5411511,5086247,1.06395,0,1,7,815,3.1,0.116001,0.150139,0.329287,0.023099,0.270904,0.00924,0
7622165,7871191,0.96836,0,1,6,700,0.0324,0.141763,0.372145,0.017712,0.190845,0.009249,0,NA
110463,120070,0.91999,0,5,5,70,1.1,0.509959,0.220769,0.091177,0.008001,0.058289,0.05386,0
607508,809089,0.75085,0,5,4,185,0.8838,0.009448,0.00293,0.011692,0,0.025251,0,NA
728200,916968,0.79414,0,5,4,185,0.8871,0,0.047332,0.014813,0,0.008239,0,NA
181587,146456,1.23987,0,5,3,135,0,0.276777,0.127471,0.109787,0.011626,0.291608,0.05369,0
648915,563885,1.15079,1,5,3,140,16.4,0.769712,0,0.060871,0.038526,0,0.0389,0
122624,95381,1.28562,0,5,4,120,0,0.017125,0,0.208833,0.040775,0.377641,0.04893,0
1367070,1433618,0.95358,0,5,8,475,0,0.144465,0.269645,0.125948,0.007315,0.220449,0.0388,1
470714,447748,1.05129,0,2,8,150,0.7,0.150592,0.163263,0.114467,0.012747,0.279414,0.03962,0
65166,84751,0.76891,0,2,7,60,12.2,0.751267,0,0.115644,0.015346,0,0.01535,0
209556,177711,1.17919,1,5,2,110,0.8558,0,0,0.04772,0,0.05965,0,NA
138714,174255,0.79604,0,5,5,70,0.4562,0.361652,0.083625,0.021627,0,0.045778,0,NA
640477,767804,0.83417,0,5,4,90,0.8559,0,0.075874,0.008119,0,0.03059,0,NA
496491,879396,0.56458,0,5,7,140,9.8,0.418124,0.360916,0.085718,0.013092,0.014502,0.02711,1
462902,464866,0.99578,1,5,2,90,0.7733,0,0.105311,0.013869,0,0.057788,0,NA
586811,709853,0.82667,0,5,6,120,10.3,0.628673,0.188789,0.079888,0.016189,0.017924,0.02011,0
192810,227696,0.84679,0,1,5,60,7.3,0.833097,0,0.143146,0.002593,0,0.02116,0
143128,172710,0.82872,0,5,6,50,0.8217,0,0.11889,0.006987,0,0.01607,0,NA
202496,300320,0.67427,0,5,5,100,18,0.914068,0,0,0.002469,0,0.00247,0
99918,118988,0.83974,1,5,5,70,0,0.262711,0.257085,0.115094,0.100082,0.116013,0.06155,0
258443,306441,0.84337,0,5,7,75,6.4,0.780796,0.143498,0.017219,0.003095,0,0.00743,0
115416,117936,0.97863,0,1,12,65,2.8,0.646738,0.277002,0.025993,0.008664,0,0.00433,0
84787,97627,0.86848,0,5,6,50,2,0.574359,0.205172,0.036774,0.017691,0.102008,0.02359,0
43673,41094,1.06275,0,1,4,30,1.8,0.875775,0,0.107052,0.005724,0,0.01145,0
147807,143337,1.03118,1,5,3,50,6.3,0.880927,0,0.066303,0.010148,0,0.01015,0
45168,68280,0.66151,0,5,3,65,3.6,0.89342,0,0,0.019926,0,0.04428,0
495466,541810,0.91446,0,5,5,140,0.8938,0,0.043997,0.003027,0,0.014128,0,NA
150548,174483,0.86283,0,5,3,110,8.8,0.702862,0.235868,0,0.021833,0,0.03944,0
239514,315107,0.76011,0,1,4,100,4,0.564317,0,0.084398,0.004175,0.131441,0.0167,0
260643,351799,0.74089,0,1,4,120,4.5,0.649532,0,0.060106,0.003837,0.030962,0.01535,0
77319,101043,0.7652,0,5,3,90,1.6,0.835277,0,0.066414,0.012934,0,0.02587,0
836034,1046979,0.79852,0,5,2,250,0.6043,0,0.151192,0.002392,0.066957,0.009569,1,NA
346763,394208,0.87965,0,5,3,150,6.2,0.670882,0.143143,0.107482,0.002884,0.011956,0.03461,0
359453,333453,1.07797,0,1,5,190,0,0.270825,0.370301,0.229901,0.011128,0.026974,0.05319,0
480563,480314,1.00052,0,5,4,125,14.3,0.838547,0,0.063227,0.024971,0,0.0364,0
201317,182944,1.10043,0,5,3,90,5.6,0.827903,0.083545,0.009075,0.039738,0,0.03974,0
91664,100306,0.91385,0,1,4,90,0,0.181162,0.072377,0.232621,0.021819,0.078039,0.1692,0
546165,622918,0.87678,0,5,3,165,5.9,0.508698,0,0.084901,0.007324,0.244915,0.03292,0
77624,74290,1.04488,1,5,2,75,1.2,0.606977,0,0,0.103061,0.006957,0.15459,0
259991,319588,0.81352,1,5,4,90,0,0.79845,0,0.045367,0.034617,0,0.08462,0
473202,548008,0.8635,0,5,3,130,4.2,0.73838,0,0.034106,0.042265,0.037405,0.02099,0
138893,123307,1.1264,0,1,3,150,0,0.285391,0.056869,0.155926,0.035999,0.104814,0.072,0
1731469,1672532,1.03524,0,1,3,400,0,0.02581,0.096703,0.135535,0.023102,0.173455,0.03056,0
2995894,3452900,0.86765,0,1,2,595,0,0.303493,0.235031,0.101833,0.020027,0.248358,0.02068,0
2130044,2019871,1.05454,0,1,5,450,0,0.165754,0.165334,0.163196,0.069459,0.191232,0.05538,0
181692,194816,0.93263,0,1,5,60,0.7637,0.165756,0.02474,0.016511,0,0.011008,0,NA
2301067,2505605,0.91837,0,5,7,400,1.9,0.102279,0.164932,0.251545,0.009995,0.300858,0.01597,0
257511,205857,1.25092,1,1,4,130,0.7019,0.0914,0.078618,0.008155,0,0.043493,1,NA
113612,132386,0.85818,0,2,9,70,2,0.244919,0.357464,0.189669,0.008802,0.077869,0.04859,0
249056,235622,1.05701,1,1,2,80,0.8795,0,0.040152,0,0,0.080303,0,NA
383661,410951,0.93359,1,1,3,60,0.8778,0,0.0404,0.023458,0,0.058385,0,NA
195676,199095,0.98283,0,1,3,50,3.5,0.868201,0,0.033218,0.040884,0,0.0577,0
132446,98529,1.34423,1,1,2,50,0.1368,0.095592,0.15723,0.045679,0.013817,0.12439,0,NA
2473264,2618238,0.94463,0,1,4,630,3,0.211662,0.172081,0.05706,0.020216,0.396201,0.03227,0
5196216,6365134,0.81636,0,1,9,805,4.3,0.123191,0.142566,0.358413,0.042916,0.202155,0.01386,0
1571152,1759205,0.8931,0,1,5,385,0.1092,0.183216,0.208006,0.041013,0.259131,0.017974,0,NA
3864599,3991031,0.96832,0,1,7,800,2.8,0.123408,0.145963,0.19915,0.04373,0.388419,0.01346,0
646395,818541,0.78969,0,1,5,400,0,0.020156,0.020457,0.357836,0.030941,0.453866,0.06227,0
225412,222880,1.01136,1,1,2,60,8.9,0.929019,0,0,0.033272,0,0.03771,0
63829,67327,0.94805,1,1,2,55,0.5518,0,0,0.031334,0,0.0282,0,NA
10270446,10467396,0.98118,0,1,8,720,0,0.014296,0.040691,0.237617,0.02921,0.268787,0.00394,0
2140883,2152008,0.99483,0,1,3,400,12.8,0.592389,0.044319,0.018376,0.035032,0.138637,0.07707,0
65726,48683,1.35009,0,1,2,30,0,0.173824,0.026154,0.060067,0.188661,0,0.05555,0
1270078,1306333,0.97225,1,1,3,195,0.6567,0.117555,0.063457,0.033069,0.04233,0.056296,0,NA
1055141,1148652,0.91859,0,1,5,400,0,0.047293,0.06476,0.331737,0.061603,0.383236,0.07061,0
856458,938141,0.91293,0,1,4,375,0,0.024391,0.048277,0.207431,0.060715,0.543932,0.05692,0
889683,803247,1.10761,1,1,2,120,0,0.751111,0,0.06744,0.06182,0.00236,0.07081,0
927379,902030,1.0281,0,1,3,400,0,0.009089,0.01286,0.338639,0.080873,0.500809,0.03855,0
424531,388738,1.09208,1,1,2,45,0,0.741641,0,0,0.070666,0.00636,0.1272,0
339884,428817,0.79261,0,1,3,165,0,0.357831,0,0.065119,0.079439,0.057459,0.0559,0
5654863,5447587,1.03805,1,1,3,500,0.2997,0.019364,0.193736,0.061894,0.009201,0.035368,0,NA
136059,181094,0.75132,0,1,3,100,0.1029,0.165502,0.165443,0.031236,0.161406,0.055123,0,NA
2527474,2616811,0.96586,0,1,4,350,2.2,0.35557,0.083734,0.076919,0.017804,0.26678,0.03047,0
726579,778269,0.93358,0,1,5,220,1,0.22037,0.166576,0.076787,0.020645,0.352698,0.02209,0
128380,151887,0.84523,0,1,3,75,0.8088,0,0.040131,0.019863,0.044789,0.05842,0,NA
346515,331096,1.04657,0,5,5,190,0,0.39694,0.071589,0.249731,0.012986,0.103909,0.03038,0
320634,357367,0.89721,1,1,2,190,0,0.372411,0.010045,0.103778,0.015594,0.171493,0.05614,0
549636,413081,1.33058,1,1,3,120,0.5846,0.032913,0.104026,0.031839,0.124368,0.04785,0,NA
63662,57394,1.10921,1,1,2,70,0.2,0.038935,0.046808,0.126111,0.07854,0.004712,0.07241,0
199996,168985,1.18351,1,1,3,90,0,0.618486,0.070676,0.065475,0.032501,0.036491,0.07505,0
656745,750821,0.8747,1,1,4,180,6.3,0.431883,0.156549,0.132319,0.06852,0.104365,0.03045,0
1949626,1880828,1.03658,1,1,4,330,0,0.189887,0.200983,0.330258,0.044111,0.147082,0.02169,0
241700,243968,0.9907,1,1,3,45,1.6,0.803815,0,0.018913,0.051717,0,0.05379,0
65790,82358,0.79883,0,1,4,60,0,0.298901,0.143368,0.15142,0.079039,0.11187,0.13847,0
9453355,9479734,0.99722,0,1,6,500,2.7,0.008616,0.15903,0.421831,0.062094,0.142985,0.0154,0
161327,164033,0.9835,0,1,12,100,1.6,0.180234,0.411105,0.235549,0.018596,0.025946,0.06732,0
1379431,1386293,0.99505,1,5,4,250,9,0.107286,0.244582,0.403471,0,0.112885,0.02537,0
202334,248892,0.81294,0,5,4,120,1.8,0.036074,0.316462,0.271143,0,0.110484,0.0173,0
397119,467488,0.84947,0,5,4,180,0,0.047753,0.194395,0.167804,0,0.174401,0.0413,0
374999,432334,0.86738,0,2,4,120,0,0.164852,0.318225,0.339935,0.010667,0.050219,0.02176,0
613333,616390,0.99504,0,5,2,160,0,0.087913,0.099538,0.166182,0.008152,0.028539,0.03799,0
537173,676406,0.79416,0,2,8,225,2.4,0.140654,0.211424,0.209178,0.027924,0.178125,0.03018,0
216468,406470,0.53256,0,1,14,130,0.1412,0.3481,0.328899,0.012473,0.078684,0.042501,0,NA
189017,269548,0.70124,0,3,12,115,3,0.151915,0.219953,0.332101,0.005291,0.143542,0.01137,0
93484,92359,1.01218,0,5,5,60,0,0.402612,0.205007,0.225152,0.00107,0.071148,0.00749,0
1115124,1148526,0.97092,0,2,9,250,0.1,0.16808,0.146908,0.243965,0.003587,0.227895,0.01282,0
698476,646428,1.08052,0,2,7,180,1.6,0.265368,0.136211,0.201111,0.001432,0.285393,0.0086,0
94242,116089,0.81181,0,5,7,75,1.2,0.188572,0.40785,0.261369,0.005306,0.046094,0.00561,0
1157389,891206,1.29868,1,5,3,450,0,0.124602,0.105673,0.193009,0.062641,0.306054,0.04149,0
235276,230753,1.0196,1,5,5,90,2.8,0.740686,0,0.055611,0.085006,0.039528,0.0425,0
201598,196542,1.02573,1,5,2,90,4.5,0.728536,0,0.06,0.074405,0,0.07441,0
301233,303192,0.99354,1,5,3,110,0,0.670831,0,0.126246,0.059754,0.002623,0.03752,0
512401,558912,0.91678,1,5,1,180,7.5,0.59922,0.004391,0.112312,0.039032,0.132774,0.05855,1
898560,872182,1.03024,1,5,2,165,7.2,0.697122,0,0.120226,0.055645,0.03135,0.03372,0
123928,106888,1.15942,0,1,2,45,4,0.95562,0,0,0.004035,0,0.04035,0
230543,260296,0.8857,1,1,3,125,0,0,0,0.086752,0.055846,0.607775,0.23857,0
291656,245699,1.18705,1,1,2,45,8,0.943426,0,0,0,0,0.05657,0
134033,85712,1.56376,1,1,3,45,1.9,0.776174,0,0,0,0,0.22383,0
400335,472984,0.8464,1,1,3,70,0.8294,0,0.03547,0.014987,0,0.120149,0,NA
284980,315971,0.90192,0,1,3,110,4.3,0.395386,0,0,0.009474,0,0.01123,0
138787,151620,0.91536,0,1,3,60,4.6,0.961092,0,0,0.014411,0,0.0245,0
86867,74866,1.1603,1,1,2,60,2,0.913661,0,0,0.040291,0,0.04605,0
98542,82195,1.19888,1,1,2,50,0.529,0,0,0.093362,0.028414,0.045666,0,NA
46897,43146,1.08694,1,1,2,45,0,0.485827,0,0.06397,0.10022,0,0.19191,0
347054,324151,1.07066,1,1,2,60,0,0.827652,0,0,0.028814,0.05417,0.05763,0
3929916,3941570,0.99704,0,2,8,400,0.1451,0.141281,0.154959,0.006361,0.313457,0.032291,0,NA
2346765,2447811,0.95872,0,2,8,455,0,0.155474,0.15891,0.319938,0.02088,0.271252,0.00623,0
258201,181951,1.41907,1,1,4,130,0,0.268014,0.093371,0.150391,0.077459,0.124043,0.06739,0
5212235,5090864,1.02384,0,1,9,500,0,0.163966,0.172876,0.30833,0.010552,0.249639,0.01196,0
353958,370022,0.95659,0,1,4,75,0,0.597984,0,0.088439,0.052549,0.13253,0.02034,0
400484,496675,0.80633,0,1,5,90,0.464,0,0.071414,0.044946,0.282598,0.036526,0,NA
831836,906842,0.91729,0,1,9,190,5.4,0.213636,0.281531,0.250235,0.003498,0.134787,0.02942,0
796000,969691,0.82088,0,3,7,175,6.5,0.256431,0.253372,0.232156,0.013191,0.136985,0.01676,0
303337,341220,0.88898,0,5,7,210,0,0.090009,0.294397,0.374796,0.00989,0.136123,0.00442,0
106097,95291,1.1134,0,5,6,125,0.1521,0.047928,0.123481,0.023563,0.124556,0.055421,0,NA
463283,474890,0.97556,0,5,8,215,0,0.170708,0.246845,0.2765,0.038853,0.138805,0.0231,0
1461593,1774717,0.82356,0,1,8,220,2.5,0.182144,0.15426,0.404401,0.027367,0.162276,0.00171,0
4385468,5556821,0.7892,0,1,7,600,2.6,0.123236,0.135853,0.346596,0.018242,0.235549,0.0114,0
4497563,5186298,0.8672,0,1,5,750,0.1167,0.128267,0.343269,0.022234,0.238003,0.014119,0,NA
2976034,2832431,1.0507,0,1,6,440,4,0.161507,0.193863,0.372738,0.015121,0.155391,0,0
7385555,8460873,0.87291,0,4,3,505,0,0.119623,0.123847,0.456221,0.028434,0.159125,0.00745,0
124990,121610,1.02779,0,5,4,40,0.8074,0,0.093303,0.008001,0,0.05178,0,NA
116571,114211,1.02066,0,5,4,35,3.2,0.948529,0,0,0.008578,0,0.04289,0
749129,859340,0.87175,0,5,13,180,0.9,0.151757,0.175981,0.052966,1.00E-06,0.414213,0.01625,0
923578,887365,1.04081,0,5,7,130,22.1,0.768579,0.107195,0.026058,0.017324,0.018935,0.01797,0
673091,655812,1.02635,0,5,5,100,20.5,0.845843,0,0.067781,0.024068,0,0.02698,0
82107,93044,0.88246,0,5,3,100,0.6,0.650135,0,0,0.026794,0,0.0609,0
740303,810256,0.91367,0,5,4,175,11.2,0.56372,0,0.087033,0.032419,0.148284,0.03917,0
912060,1137649,0.80171,0,5,2,220,2.2,0.248838,0.210789,0.124896,0.033989,0.006686,0.0509,0
577373,701070,0.82356,0,5,2,150,4.2,0.623413,0,0.041045,0.053691,0.130042,0.03831,1
119805,122162,0.98071,0,5,4,90,0.4741,0,0,0.073845,0,0.034347,0,NA
3184857,3373037,0.94421,0,1,7,240,0.7956,0,0.018877,0.022921,0.019242,0.056787,0,NA
1128105,1008908,1.11814,1,5,3,200,0,0.319365,0,0.131068,0,0.187165,0.12861,0
786650,734072,1.07163,1,5,2,150,0.5044,0,0.144162,0.01589,0.056228,0.109524,0,NA
2284562,1499036,1.52402,1,5,3,270,0.2219,0.122384,0.233289,0.021886,0.169352,0.063754,0,NA
88311,143069,0.61726,0,5,5,55,0,0.075944,0.132086,0.220812,0.005662,0.04517,0.01132,0
728860,763016,0.95524,0,2,11,200,0.7,0.141154,0.135571,0.097006,0.02058,0.395089,0.04776,0
2920709,2812498,1.03847,0,5,5,315,0.0961,0.093132,0.205073,0.008704,0.37514,0.023425,0,NA
32625,40054,0.81453,0,5,7,35,3.6,0.057624,0,0.158896,0.015326,0.237014,0.02452,0
2159847,2698589,0.80036,0,5,7,360,2.9,0.168089,0.163185,0.141403,0.008797,0.288145,0.03475,0
689733,801605,0.86044,0,5,5,210,1.2,0.199321,0.16666,0.117683,0.006379,0.256014,0.0392,0
169751,187319,0.90621,0,5,3,100,0.2,0.209095,0.162656,0.170838,0.008836,0.194308,0.05765,0
22853,21960,1.04067,0,5,2,45,0.2,0.223314,0.189142,0.184046,0.038288,0,0.07658,0
77846,109907,0.70829,0,5,3,80,0.1487,0.135151,0.056771,0.008992,0.207196,0.057806,0,NA
1048855,1040533,1.008,0,5,8,300,0,0.137671,0.162093,0.093554,0.011822,0.380868,0.0257,0
253675,270925,0.93633,0,5,3,200,0,0.142134,0.115896,0.124612,0.024835,0.147844,0.05402,0
1398025,1414733,0.98819,0,5,5,460,0,0.177272,0.191243,0.140397,0.014199,0.305132,0.01339,0
122820,132263,0.92861,0,5,3,130,0,0,0,0.612925,0.135564,0.122211,0.0399,0
116986,99943,1.17053,1,5,3,100,0.3216,0.147454,0.08095,0.136769,0.017951,0.121126,0,NA
234044,179736,1.30215,0,5,4,170,0,0.225809,0.222159,0.180942,0.047,0.108075,0.09093,0
207815,214245,0.96999,0,5,3,155,0.0395,0.007305,0.252369,0.09624,0.267176,0.214133,0,NA
4448125,4197787,1.05964,1,5,3,660,0,0.158826,0.194084,0.140397,0.019109,0.260546,0.04804,0
2814909,2816728,0.99935,0,5,6,540,0,0.127769,0.170274,0.124685,0.024868,0.393757,0.03811,1
152719,161242,0.94714,0,5,6,155,0,0.015322,0,0.171007,0.009822,0.415242,0.00655,0
8992253,10743600,0.83699,0,1,10,650,0,0.200626,0.196837,0.305146,0.033362,0.209277,0.00392,0
10480320,10276292,1.01985,0,1,11,570,0,0.208727,0.181655,0.295917,0.020133,0.229116,0.0062,1
256223,436795,0.5866,0,2,15,125,0.3051,0.327081,0.228196,0.003903,0.048442,0.002022,0,NA
479468,487174,0.98418,0,2,8,140,1.4,0.425073,0.171427,0.191612,0.001043,0.079692,0.01997,0
188672,202460,0.9319,0,2,7,120,0.4,0.073021,0.098076,0.165197,0.0053,0.360976,0.00981,0
158540,117719,1.34676,1,5,3,80,0,0.043416,0.207278,0.319682,0,0.018569,0.18923,0
196504,235410,0.83473,0,5,7,120,0.0807,0.18946,0.140792,0.01832,0.41187,0.090105,0,NA
1564869,1303400,1.20061,1,5,3,200,23.458,0.421871,0.324299,0.049494,0.076684,0,0.0671,0
830469,715460,1.16075,1,5,4,135,18,0.450172,0.295633,0.065277,0.048166,0,0.08429,0
179057,208720,0.85788,0,1,5,90,4.8,0.854726,0.044619,0.060644,0.01117,0,0.02234,0
36188,64445,0.56154,0,1,5,60,0.1193,0.133559,0.246635,0.190669,0.013817,0,0.13817,0
50664,59859,0.84639,0,5,4,50,0.8,0.129245,0.18409,0.123717,0.001974,0.076247,0.00296,0
2150153,2161368,0.99481,0,5,10,400,0.1944,0.102519,0.102633,0.061856,0.323125,0.013762,0,NA
462921,504790,0.91706,0,5,4,175,0.7038,0.055516,0.097413,0.00324,0.066928,0.019874,0,NA
760845,718235,1.05933,1,5,3,185,7.3,0.567648,0.009734,0.05718,0.013143,0.008488,0.0368,0
1272044,949455,1.33976,1,5,5,450,0,0.12614,0.132305,0.150245,0.066035,0.298021,0.02898,0
888439,883297,1.00582,1,5,5,250,10.9,0.452001,0.143438,0.209051,0.039395,0.068046,0.0297,0
356723,331304,1.07672,1,5,2,125,0,0.273465,0.10663,0.118376,0.047656,0.275023,0.07598,0
226555,174442,1.29874,1,5,2,50,2.7,0.577471,0,0.04651,0.097107,0,0.05297,0
1077900,878724,1.22666,1,5,4,190,8,0.521563,0,0.065927,0.083254,0.077287,0.02341,0
116943,111974,1.04438,1,5,2,90,0.1421,0.104868,0.197307,0.091497,0,0.178043,1,NA
36438,42043,0.86668,0,1,3,45,0.6,0.93139,0,0,0.027444,0,0.04117,1
182520,223128,0.81801,0,5,2,90,0.8144,0,0.125271,0.010958,0,0.030134,0,NA
108088,99564,1.08561,0,5,3,65,0,0.849491,0,0,0.069388,0,0.05551,0
31722,28302,1.12084,0,5,3,60,0.8,0.583956,0,0.077564,0.173381,0,0.08102,0
267779,249909,1.07151,1,5,4,255,0,0.044579,0.017029,0.066301,0.093361,0.408079,0.26313,0
833659,859736,0.96967,1,5,4,450,0,0.017718,0.02319,0.12786,0.089965,0.35187,0.29335,0
431037,359804,1.19798,1,5,2,70,14.8,0.740855,0,0.071734,0,0,0.09512,0
2368841,2456772,0.96421,0,5,4,320,2.2,0.10307,0.154174,0.179329,0.02744,0.226739,0.03548,1
150349,199088,0.75519,0,5,7,100,1.6,0.239612,0.407106,0.183826,0.016628,0,0.01663,0
463925,540015,0.8591,0,1,10,120,0.7497,0.194559,0.016597,0.0194,0,0.017244,0,NA
144513,146974,0.98325,1,5,2,85,1,0.466049,0.097681,0.136542,0.031139,0.042529,0.10034,0
244759,221880,1.10312,1,5,4,90,4.7,0.797876,0,0.082857,0.030642,0,0.05311,0
890195,757254,1.17556,1,5,2,145,10.7,0.865207,0,0.05851,0.012357,0,0.03377,0
489920,381675,1.2836,1,5,2,100,0.795,0,0.102476,0.024494,0,0.032658,0,NA
227005,209730,1.08237,1,5,2,70,7.9,0.721184,0,0,0.114535,0,0.0881,0
1798674,1603745,1.12155,1,5,2,300,0.3754,0,0.013721,0.024462,0.000111,0.038962,1,NA
395976,419002,0.94505,0,5,3,185,5.9,0.475828,0,0.224985,0.012627,0.025948,0.02525,0
3910939,3405943,1.14827,1,1,5,350,1,0.004559,0.030833,0.25515,0.057851,0.369103,0.11293,0
7387031,6107929,1.20942,0,1,4,340,0.1985,0,0.182603,0.045553,0.032134,0.120888,0,NA
1208443,1230325,0.98221,0,5,4,295,8.3,0.738475,0,0.014512,0.099301,0.070795,0.02483,0
170418,196749,0.86617,0,5,3,75,0.9358,0,0,0.012317,0,0.016166,0,NA
35184,39211,0.89729,0,1,3,45,0.5,0.279275,0.453965,0.097516,0.105161,0,0.02132,0
2280814,2823874,0.80769,0,4,8,330,0,0.135058,0.108671,0.396403,0.02543,0.174975,0.01251,0
45910,61892,0.74178,0,1,8,60,0.0528,0,0,0,0.02396,0.95208,0.02396,0
1370060,1377924,0.99429,0,2,7,400,3.2,0.185279,0.216274,0.350158,0.028648,0.130709,0.02384,0
1404080,1573830,0.89214,0,5,7,550,0,0.136778,0.16861,0.208671,0.069084,0.186423,0.01409,0
1691658,1627076,1.03969,0,5,5,600,0.1173,0.159384,0.065959,0.052611,0.371547,0.018449,0,NA
391466,358532,1.09186,1,5,3,100,6.4,0.83147,0,0.040514,0.020436,0,0.04067,0
392693,490546,0.80052,0,1,9,180,2.2,0.117486,0.124335,0.158905,0.073085,0.384882,0.0191,0
166799,131994,1.26369,1,5,3,120,1.1,0.409836,0.067221,0.34512,0.044964,0.02518,0.07527,0
6043307,7074987,0.85418,0,4,11,350,0.1721,0.141767,0.356064,0.041368,0.195504,0.000827,0,NA
1928448,1766358,1.09177,1,1,2,190,0.6,0.038295,0.057806,0.433083,0.070004,0.26265,0.03532,0
207868,167994,1.23735,1,1,4,60,0.2,0.197244,0,0.256642,0.086594,0.002511,0.18816,0
299872,247036,1.21388,1,1,3,80,0,0.154754,0.366022,0.245375,0.027345,0.016854,0.16115,0
169380,144508,1.17211,0,1,3,145,0.2,0.130732,0.182309,0.062051,0.077931,0.116072,0.04853,0
418159,378404,1.10506,1,1,2,150,0.3171,0.153425,0.068871,0.056199,0.169287,0.085613,0,NA
142371,106687,1.33447,1,1,2,90,0,0.421256,0,0.064923,0.076561,0.128965,0.10058,0
116565,125849,0.92623,0,1,3,80,0.2,0.243657,0.155657,0.109164,0.1304,0.049702,0.0809,0
988038,1003838,0.98426,1,1,2,180,0.1627,0.07824,0.046687,0.050605,0.023657,0.026841,0,NA
1135708,1078715,1.05283,1,1,2,250,0,0.178547,0.040129,0.09587,0.060315,0.233473,0.04306,0
462392,444187,1.04099,0,1,4,120,0,0.445212,0.13766,0.024504,0.080667,0.214234,0.05312,1
3815884,4960817,0.7692,0,1,4,450,2.4,0.101917,0.125421,0.405584,0.040882,0.1853,0,0
2518387,3124385,0.80604,0,4,12,255,6.2,0.301729,0.184488,0.234085,0.007147,0.17487,0.00834,0
637988,627411,1.01686,0,2,4,140,1.9,0.144931,0.324964,0.213332,0.019593,0.175887,0.08119,0
1138537,1254624,0.90747,0,2,13,200,4.6,0.406209,0.273866,0.143506,0.008344,0.088016,0.00928,0
580524,675408,0.85952,0,2,9,225,1.6,0.098524,0.035033,0.148762,0.008613,0.279297,0.00978,0
445519,435034,1.0241,0,2,7,150,0.8,0.114077,0.116595,0.194726,0.017957,0.291862,0.04817,0
2966283,4433467,0.66907,0,5,4,720,0,0.131603,0.158847,0.134914,0.005057,0.311195,0.03009,1
5734417,5427308,1.05659,0,1,8,700,5,0.145159,0.195402,0.315629,0.017439,0.227668,0.00698,0
5884703,6097409,0.96512,0,1,7,900,4.1,0.139307,0.238855,0.302989,0.005438,0.182351,0.00353,0
1217569,1341081,0.9079,0,2,11,350,2,0.142159,0.131608,0.175051,0.01232,0.269048,0.03389,0
2229343,2434603,0.91569,0,2,6,450,0.2102,0.1446,0.12198,0.0157,0.282224,0.026821,0,NA
168532,163669,1.02971,0,2,8,30,0.9763,0,0,0.011867,0,0.011867,0,NA
95857,95630,1.00238,0,2,8,30,0.9583,0,0,0.02608,0,0.015648,0,NA
106918,107895,0.99094,0,2,7,30,0.9348,0,0,0.028059,0.003741,0.028994,0,NA
666773,641521,1.03936,0,2,5,240,0,0.492985,0.054745,0.232318,0.007499,0.111355,0.04499,0
